{"cameraMode":{"drawMode":0,"name":"Shaded","section":"Shading Mode"},"sceneLighting":true,"audioPlay":false,"sceneViewState":{"m_AlwaysRefresh":false,"showFog":true,"showSkybox":true,"showFlares":true,"showImageEffects":true,"showParticleSystems":true,"showVisualEffectGraphs":true,"m_FxEnabled":true},"in2DMode":false,"pivot":{"x":-153.49417114257813,"y":25.242555618286134,"z":51.65538024902344},"rotation":{"x":0.10491950809955597,"y":-0.5519737601280212,"z":0.07026266306638718,"w":0.8242584466934204},"size":26.028764724731447,"orthographic":false}